"Xi'an Jiaotong-Liverpool University OR ""Xi'an Jiaotong Liverpool""~10 OR text:""XJTLU"" OR ""XJTLU Entrepreneur College taicang""~10 OR (""XJTLU Entrepreneur College"" AND ""taicang"") NOT (""Xi'an Jiaotong-Liverpool University Affiliated School"") Articles",,,,,,,,,,,,,,,,,
Total Hits: ,155,,,,,,,,,,,,,,,,
,,,,,,,,,,,,,,,,,
Date,Media Type,Media Outlet,Title,Link,Author,Sentiment,Desktop Readership,Mobile Readership,Total Readership,Shares,Ad Equivalency,Article Impact,SEO Impact,Tags,Country,State,City
,,,,,,,,,,,,,,,,,
10/28/2023,News,News RND,China: More and more women science fiction authors - The Limited Times,https://newsrnd.com/news/2023-10-28-china--more-and-more-women-science-fiction-authors.SJ9A3-H9Ga.html,Anonym,positive,33166,64890,98056,0,$184.35 ,Low,46,,United States,,
10/25/2023,News,Energy Daily,Women sci-fi writer numbers rocketing in China,https://www.energy-daily.com/reports/Women_sci-fi_writer_numbers_rocketing_in_China_999.html,,positive,3316,3794,7111,0,$13.37 ,Low,49,,United States,,
10/23/2023,News,West Virginia State News - United States News,Chinese Sci-Fi Steps Into Spotlight,http://westvirginia.statenews.net/news/274007644/chinese-sci-fi-steps-into-spotlight,Voice of America,neutral,260,500,760,0,$1.43 ,Low,31,,United States,,
10/23/2023,News,Seoul News as it happens | City &amp; South Korea: Seoul News.Net,Chinese Sci-Fi Steps Into Spotlight,https://www.seoulnews.net/news/274007644/chinese-sci-fi-steps-into-spotlight,Voice of America,neutral,137,500,637,0,$1.20 ,Low,19,,United States,,
10/23/2023,News,Latin Times,Chinese Sci-fi Steps Into The Spotlight,https://www.latintimes.com/chinese-sci-fi-steps-spotlight-547888,Agence France-Presse (AFP),neutral,11917,54978,66896,0,$125.76 ,Low,81,,United States,New York,New York City
10/23/2023,News,Times of Malta,Chinese sci-fi steps into the spotlight,https://timesofmalta.com/articles/view/chinese-scifi-steps-spotlight.1062807,,neutral,137035,627063,764099,8,"$1,436.51 ",Medium,77,,Malta,Birkirkara,Birkirkara
10/23/2023,News,Salt Lake City Sun,Chinese Sci-Fi Steps Into Spotlight,https://www.saltlakecitysun.com/news/274007644/chinese-sci-fi-steps-into-spotlight,"Voice of America23 Oct 2023, 09:35 GMT+10",neutral,3277,9946,13224,0,$24.86 ,Low,25,,Australia,New South Wales,Sydney
10/23/2023,News,Raleigh Times,Chinese Sci-Fi Steps Into Spotlight,https://www.raleightimes.com/news/274007644/chinese-sci-fi-steps-into-spotlight,"Voice of America23 Oct 2023, 09:35 GMT+10",neutral,224,500,724,0,$1.36 ,Low,20,,Australia,New South Wales,Sydney
10/23/2023,News,Europe Sun,Chinese Sci-Fi Steps Into Spotlight,https://www.europesun.com/news/274007644/chinese-sci-fi-steps-into-spotlight,"Voice of America23 Oct 2023, 09:35 GMT+10",neutral,244,500,744,0,$1.40 ,Low,27,,Australia,New South Wales,Sydney
10/23/2023,News,TheAfricaNews.Net,Chinese Sci-Fi Steps Into Spotlight,https://www.theafricanews.net/news/274007644/chinese-sci-fi-steps-into-spotlight,"Voice of America23 Oct 2023, 09:35 GMT+10",neutral,57,500,557,0,$1.05 ,Low,23,,Bahrain,,
10/23/2023,News,New York Statesman,Chinese Sci-Fi Steps Into Spotlight,https://www.newyorkstatesman.com/news/274007644/chinese-sci-fi-steps-into-spotlight,,neutral,285,500,785,0,$1.48 ,Low,21,,Australia,New South Wales,Sydney
10/23/2023,News,Los Angeles Herald,Chinese Sci-Fi Steps Into Spotlight,https://www.losangelesherald.com/news/274007644/chinese-sci-fi-steps-into-spotlight,"Voice of America23 Oct 2023, 09:35 GMT+10",neutral,192,500,692,0,$1.30 ,Low,23,,United States,California,Los Angeles
10/23/2023,News,Mediterranean Times,Chinese Sci-Fi Steps Into Spotlight,https://www.mediterraneantimes.com/news/274007644/chinese-sci-fi-steps-into-spotlight,"Voice of America23 Oct 2023, 09:35 GMT+10",neutral,230,500,730,0,$1.37 ,Low,7,,Australia,New South Wales,Sydney
10/23/2023,News,www.vancouverstar.com,Chinese Sci-Fi Steps Into Spotlight,https://www.vancouverstar.com/news/274007644/chinese-sci-fi-steps-into-spotlight,,neutral,107,500,607,0,$1.14 ,Low,21,,United States,,
10/23/2023,News,San Jose News.Net,Chinese Sci-Fi Steps Into Spotlight,https://www.sanjosenews.net/news/274007644/chinese-sci-fi-steps-into-spotlight,"Voice of America23 Oct 2023, 09:35 GMT+10",neutral,109,500,609,0,$1.14 ,Low,18,,United States,California,San Diego
10/23/2023,News,www.tennesseedaily.com,Chinese Sci-Fi Steps Into Spotlight,https://www.tennesseedaily.com/news/274007644/chinese-sci-fi-steps-into-spotlight,"Voice of America23 Oct 2023, 09:35 GMT+10",neutral,187,500,687,0,$1.29 ,Low,17,,United States,,
10/23/2023,News,Texas Guardian,Chinese Sci-Fi Steps Into Spotlight,https://www.texasguardian.com/news/274007644/chinese-sci-fi-steps-into-spotlight,"Voice of America23 Oct 2023, 09:35 GMT+10",neutral,131,500,631,0,$1.19 ,Low,25,,Australia,New South Wales,Sydney
10/23/2023,News,Canada Standard,Chinese Sci-Fi Steps Into Spotlight,https://www.canadastandard.com/news/274007644/chinese-sci-fi-steps-into-spotlight,,neutral,3804,500,4304,0,$8.09 ,Low,27,,Australia,New South Wales,Sydney
10/23/2023,News,Massachusetts Sun,Chinese Sci-Fi Steps Into Spotlight,https://www.massachusettssun.com/news/274007644/chinese-sci-fi-steps-into-spotlight,,neutral,171,500,671,0,$1.26 ,Low,9,,Australia,New South Wales,Sydney
10/23/2023,News,Louisville News,Chinese Sci-Fi Steps Into Spotlight,https://www.louisvillenews.net/news/274007644/chinese-sci-fi-steps-into-spotlight,"Voice of America23 Oct 2023, 09:35 GMT+10",neutral,331,2461,2792,0,$5.25 ,Low,18,,United States,Kentucky,Louisville
10/23/2023,News,Philadelphia News.Net,Chinese Sci-Fi Steps Into Spotlight,https://www.philadelphianews.net/news/274007644/chinese-sci-fi-steps-into-spotlight,"Voice of America23 Oct 2023, 09:35 GMT+10",neutral,213,500,713,0,$1.34 ,Low,15,,United States,Pennsylvania,Philadelphia
10/23/2023,News,florida.statenews.net,Chinese Sci-Fi Steps Into Spotlight,https://florida.statenews.net/news/274007644/chinese-sci-fi-steps-into-spotlight,"Voice of America23 Oct 2023, 09:35 GMT+10",neutral,109,500,609,0,$1.14 ,Low,31,,,,
10/23/2023,News,www.californiatelegraph.com,Chinese Sci-Fi Steps Into Spotlight,https://www.californiatelegraph.com/news/274007644/chinese-sci-fi-steps-into-spotlight,,neutral,263,500,763,0,$1.43 ,Low,20,,United States,,
10/23/2023,News,Toronto Telegraph,Chinese Sci-Fi Steps Into Spotlight,https://www.torontotelegraph.com/news/274007644/chinese-sci-fi-steps-into-spotlight,"Voice of America23 Oct 2023, 09:35 GMT+10",neutral,273,500,773,0,$1.45 ,Low,32,,Australia,New South Wales,Sydney
10/23/2023,News,Canada News.Net,Chinese Sci-Fi Steps Into Spotlight,https://www.canadanews.net/news/274007644/chinese-sci-fi-steps-into-spotlight,,neutral,2859,2000,4859,0,$9.13 ,Low,14,,Canada,Ontario,Toronto
10/23/2023,News,Orlando Echo,Chinese Sci-Fi Steps Into Spotlight,https://www.orlandoecho.com/news/274007644/chinese-sci-fi-steps-into-spotlight,,neutral,173,500,673,0,$1.27 ,Low,24,,Australia,New South Wales,Sydney
10/23/2023,News,Sri Lanka Source,Chinese Sci-Fi Steps Into Spotlight,https://www.srilankasource.com/news/274007644/chinese-sci-fi-steps-into-spotlight,"Voice of America23 Oct 2023, 09:35 GMT+10",neutral,130,500,630,0,$1.18 ,Low,19,,Australia,New South Wales,Sydney
10/23/2023,News,BC Post,Chinese Sci-Fi Steps Into Spotlight,https://www.bcpost.com/news/274007644/chinese-sci-fi-steps-into-spotlight,"Voice of America23 Oct 2023, 09:35 GMT+10",neutral,273,500,773,0,$1.45 ,Low,9,,Australia,New South Wales,Sydney
10/23/2023,News,Oklahoma City News,Chinese Sci-Fi Steps Into Spotlight,https://www.oklahomacitynews.net/news/274007644/chinese-sci-fi-steps-into-spotlight,,neutral,109,500,609,0,$1.14 ,Low,17,,United States,Oklahoma,Oklahoma City
10/23/2023,News,New Orleans Sun,Chinese Sci-Fi Steps Into Spotlight,https://www.neworleanssun.com/news/274007644/chinese-sci-fi-steps-into-spotlight,"Voice of America23 Oct 2023, 09:35 GMT+10",neutral,241,1318,1559,0,$2.93 ,Low,26,,Australia,New South Wales,Sydney
10/23/2023,News,Chicago News.Net,Chinese Sci-Fi Steps Into Spotlight,https://www.chicagonews.net/news/274007644/chinese-sci-fi-steps-into-spotlight,"Voice of America23 Oct 2023, 09:35 GMT+10",neutral,88,500,588,0,$1.11 ,Low,20,,United States,Illinois,Chicago
10/23/2023,News,www.marylandleader.com,Chinese Sci-Fi Steps Into Spotlight,https://www.marylandleader.com/news/274007644/chinese-sci-fi-steps-into-spotlight,,neutral,81,500,581,0,$1.09 ,Low,17,,United States,,
10/23/2023,News,Kolkata Sun,Chinese Sci-Fi Steps Into Spotlight,https://www.kolkatasun.com/news/274007644/chinese-sci-fi-steps-into-spotlight,"Voice of America23 Oct 2023, 09:35 GMT+10",neutral,104,500,604,0,$1.14 ,Low,14,,Australia,New South Wales,Sydney
10/23/2023,News,Massachusetts State News,Chinese Sci-Fi Steps Into Spotlight,https://massachusetts.statenews.net/news/274007644/chinese-sci-fi-steps-into-spotlight,,neutral,90,500,590,0,$1.11 ,Low,31,,United States,,
10/23/2023,News,www.northcarolinadaily.com,Chinese Sci-Fi Steps Into Spotlight,https://www.northcarolinadaily.com/news/274007644/chinese-sci-fi-steps-into-spotlight,,neutral,2007,15282,17290,0,$32.51 ,Low,27,,United States,,
10/23/2023,News,Oklahoma Star,Chinese Sci-Fi Steps Into Spotlight,https://www.oklahomastar.com/news/274007644/chinese-sci-fi-steps-into-spotlight,"Voice of America23 Oct 2023, 09:35 GMT+10",neutral,221,1729,1951,0,$3.67 ,Low,24,,Australia,New South Wales,Sydney
10/23/2023,News,Seattle Bulletin,Chinese Sci-Fi Steps Into Spotlight,https://www.seattlebulletin.com/news/274007644/chinese-sci-fi-steps-into-spotlight,"Voice of America23 Oct 2023, 09:35 GMT+10",neutral,266,852,1119,0,$2.10 ,Low,19,,United States,Washington,Seattle
10/23/2023,News,The Las Vegas News,Chinese Sci-Fi Steps Into Spotlight,https://www.thelasvegasnews.net/news/274007644/chinese-sci-fi-steps-into-spotlight,"Voice of America23 Oct 2023, 09:35 GMT+10",neutral,109,500,609,0,$1.14 ,Low,13,,United States,Nevada,Las Vegas
10/23/2023,News,Big News Network,Chinese Sci-Fi Steps Into Spotlight,https://www.bignewsnetwork.com/news/274007644/chinese-sci-fi-steps-into-spotlight,,neutral,27366,47224,74591,0,$140.23 ,Low,66,,United Arab Emirates,Dubayy [Dubai],Dubai
10/23/2023,News,New York Telegraph,Chinese Sci-Fi Steps Into Spotlight,https://www.newyorktelegraph.com/news/274007644/chinese-sci-fi-steps-into-spotlight,,neutral,131,500,631,0,$1.19 ,Low,29,,Australia,New South Wales,Sydney
10/23/2023,News,Ohio Standard,Chinese Sci-Fi Steps Into Spotlight,https://www.ohiostandard.com/news/274007644/chinese-sci-fi-steps-into-spotlight,"Voice of America23 Oct 2023, 09:35 GMT+10",neutral,39,500,539,0,$1.01 ,Low,23,,Australia,New South Wales,Sydney
10/23/2023,News,Tampa Star,Chinese Sci-Fi Steps Into Spotlight,https://www.tampastar.com/news/274007644/chinese-sci-fi-steps-into-spotlight,"Voice of America23 Oct 2023, 09:35 GMT+10",neutral,192,500,692,0,$1.30 ,Low,17,,Australia,New South Wales,Sydney
10/23/2023,News,Santa Barbara Post,Chinese Sci-Fi Steps Into Spotlight,https://www.santabarbarapost.com/news/274007644/chinese-sci-fi-steps-into-spotlight,,neutral,233,500,733,0,$1.38 ,Low,9,,Australia,New South Wales,Sydney
10/23/2023,News,Milwaukee News,Chinese Sci-Fi Steps Into Spotlight,https://www.milwaukeenews.net/news/274007644/chinese-sci-fi-steps-into-spotlight,,neutral,179,500,679,0,$1.28 ,Low,11,,United States,Wisconsin,Milwaukee
10/23/2023,News,South Carolina State News,Chinese Sci-Fi Steps Into Spotlight,https://southcarolina.statenews.net/news/274007644/chinese-sci-fi-steps-into-spotlight,,neutral,213,500,713,0,$1.34 ,Low,31,,United States,South Carolina,Columbia
10/23/2023,News,Russia Herald,Chinese Sci-Fi Steps Into Spotlight,https://www.russiaherald.com/news/274007644/chinese-sci-fi-steps-into-spotlight,"Voice of America23 Oct 2023, 09:35 GMT+10",neutral,739,1574,2313,0,$4.35 ,Low,27,,Australia,New South Wales,Sydney
10/23/2023,News,Nepal National,Chinese Sci-Fi Steps Into Spotlight,https://www.nepalnational.com/news/274007644/chinese-sci-fi-steps-into-spotlight,,neutral,129,500,629,0,$1.18 ,Low,20,,Australia,New South Wales,Sydney
10/23/2023,News,Thailand Herald,Chinese Sci-Fi Steps Into Spotlight,https://www.thailandherald.com/news/274007644/chinese-sci-fi-steps-into-spotlight,"Voice of America23 Oct 2023, 09:35 GMT+10",neutral,127,500,627,0,$1.18 ,Low,16,,Australia,New South Wales,Sydney
10/23/2023,News,Buffalo News.Net,Chinese Sci-Fi Steps Into Spotlight,https://www.buffalonynews.net/news/274007644/chinese-sci-fi-steps-into-spotlight,"Voice of America23 Oct 2023, 09:35 GMT+10",neutral,50,1478,1528,0,$2.87 ,Low,24,,United States,New York,Buffalo
10/23/2023,News,www.newjerseytelegraph.com,Chinese Sci-Fi Steps Into Spotlight,https://www.newjerseytelegraph.com/news/274007644/chinese-sci-fi-steps-into-spotlight,"Voice of America23 Oct 2023, 09:35 GMT+10",neutral,291,500,791,0,$1.49 ,Low,22,,United States,,
10/23/2023,News,Sacramento Sun,Chinese Sci-Fi Steps Into Spotlight,http://www.sacramentosun.com/news/274007644/chinese-sci-fi-steps-into-spotlight,,neutral,290,500,790,0,$1.49 ,Low,10,,Australia,New South Wales,Sydney
10/23/2023,News,Albuquerque Express,Chinese Sci-Fi Steps Into Spotlight,https://www.albuquerqueexpress.com/news/274007644/chinese-sci-fi-steps-into-spotlight,,neutral,164,3178,3342,0,$6.28 ,Low,32,,United States,New Mexico,Albuquerque
10/23/2023,News,www.illinoisintelligencer.com,Chinese Sci-Fi Steps Into Spotlight,https://www.illinoisintelligencer.com/news/274007644/chinese-sci-fi-steps-into-spotlight,,neutral,244,500,744,0,$1.40 ,Low,17,,United States,,
10/23/2023,News,Central Coast News,Chinese Sci-Fi Steps Into Spotlight,https://www.charlottestar.com/news/274007644/chinese-sci-fi-steps-into-spotlight,"Voice of America23 Oct 2023, 09:35 GMT+10",neutral,128,500,628,0,$1.18 ,Low,19,,Australia,New South Wales,Sydney
10/23/2023,News,AtlantaNews.Net,Chinese Sci-Fi Steps Into Spotlight,https://www.atlantanews.net/news/274007644/chinese-sci-fi-steps-into-spotlight,,neutral,273,500,773,0,$1.45 ,Low,25,,United States,Georgia,Atlanta
10/23/2023,News,Philadelphia Herald,Chinese Sci-Fi Steps Into Spotlight,https://www.philadelphiaherald.com/news/274007644/chinese-sci-fi-steps-into-spotlight,"Voice of America23 Oct 2023, 09:35 GMT+10",neutral,131,500,631,0,$1.19 ,Low,21,,Australia,New South Wales,Sydney
10/23/2023,News,kolkatanews.net,Chinese Sci-Fi Steps Into Spotlight,https://www.kolkatanews.net/news/274007644/chinese-sci-fi-steps-into-spotlight,"Voice of America23 Oct 2023, 09:35 GMT+10",neutral,130,500,630,0,$1.18 ,Low,24,,India,West Bengal,Kolkata (ex Calcutta)
10/23/2023,News,Minneapolis News,Chinese Sci-Fi Steps Into Spotlight,https://www.minneapolisnews.net/news/274007644/chinese-sci-fi-steps-into-spotlight,,neutral,196,500,696,0,$1.31 ,Low,19,,United States,Minnesota,Minneapolis
10/23/2023,News,The Tampa News,Chinese Sci-Fi Steps Into Spotlight,https://www.thetampanews.net/news/274007644/chinese-sci-fi-steps-into-spotlight,"Voice of America23 Oct 2023, 09:35 GMT+10",neutral,229,500,729,0,$1.37 ,Low,13,,United States,Florida,Tampa
10/23/2023,News,Detroit Star,Chinese Sci-Fi Steps Into Spotlight,https://www.detroitstar.com/news/274007644/chinese-sci-fi-steps-into-spotlight,"Voice of America23 Oct 2023, 09:35 GMT+10",neutral,109,500,609,0,$1.14 ,Low,14,,Australia,New South Wales,Sydney
10/23/2023,News,Chicago Chronicle,Chinese Sci-Fi Steps Into Spotlight,https://www.chicagochronicle.com/news/274007644/chinese-sci-fi-steps-into-spotlight,,neutral,92,500,592,0,$1.11 ,Low,29,,United States,Illinois,Chicago
10/23/2023,News,Pennsylvania Sun,Chinese Sci-Fi Steps Into Spotlight,https://www.pennsylvaniasun.com/news/274007644/chinese-sci-fi-steps-into-spotlight,"Voice of America23 Oct 2023, 09:35 GMT+10",neutral,109,500,609,0,$1.14 ,Low,19,,United States,Pennsylvania,
10/23/2023,News,Macau News.net,Chinese Sci-Fi Steps Into Spotlight,https://www.macaunews.net/news/274007644/chinese-sci-fi-steps-into-spotlight,,neutral,116,500,616,0,$1.16 ,Low,22,,Bahrain,,
10/23/2023,News,Cincinnati Sun,Chinese Sci-Fi Steps Into Spotlight,https://www.cincinnatisun.com/news/274007644/chinese-sci-fi-steps-into-spotlight,"Voice of America23 Oct 2023, 09:35 GMT+10",neutral,143,500,643,0,$1.21 ,Low,18,,Australia,New South Wales,Sydney
10/23/2023,News,St Louis News.net,Chinese Sci-Fi Steps Into Spotlight,https://www.stlouisnews.net/news/274007644/chinese-sci-fi-steps-into-spotlight,"Voice of America23 Oct 2023, 09:35 GMT+10",neutral,266,500,766,0,$1.44 ,Low,26,,United States,Missouri,Saint Louis
10/23/2023,Blog,Haiti News latest RSS headlines - Haiti News.net,Chinese Sci-Fi Steps Into Spotlight,https://www.haitinews.net/news/274007644/chinese-sci-fi-steps-into-spotlight,,neutral,123,500,623,0,$1.17 ,Low,27,,United States,,
10/23/2023,News,Space Daily,Women sci-fi writer numbers rocketing in China,https://www.spacedaily.com/reports/Women_sci-fi_writer_numbers_rocketing_in_China_999.html,,positive,19817,28349,48166,0,$90.55 ,Low,69,,Australia,,
10/23/2023,News,Space Daily,Chinese sci-fi steps into the spotlight,https://www.spacedaily.com/reports/Chinese_sci-fi_steps_into_the_spotlight_999.html,,neutral,19817,28349,48166,0,$90.55 ,Low,69,,Australia,,
10/23/2023,News,Trinidad Times,Chinese Sci-Fi Steps Into Spotlight,https://www.trinidadtimes.com/news/274007644/chinese-sci-fi-steps-into-spotlight,,neutral,291,500,791,0,$1.49 ,Low,20,,Trinidad and Tobago,Port of Spain,Port-of-Spain
10/23/2023,News,www.argentinanews.net,Chinese Sci-Fi Steps Into Spotlight,https://www.argentinanews.net/news/274007644/chinese-sci-fi-steps-into-spotlight,"Voice of America23 Oct 2023, 09:35 GMT+10",neutral,337,500,837,0,$1.57 ,Low,26,,Argentina,,
10/23/2023,News,VOA Voice Of America,Chinese Sci-Fi Steps Into Spotlight,https://www.voanews.com/a/chinese-sci-fi-steps-into-spotlight/7321729.html,Agence France-Presse,neutral,1028655,2979964,4008620,2,"$7,536.21 ",Medium,91,,United States,District of Columbia,Washington
10/22/2023,News,Irish Sun,Chinese Sci-Fi Steps Into Spotlight,https://www.irishsun.com/news/274007644/chinese-sci-fi-steps-into-spotlight,,neutral,2610,3442,6053,0,$11.38 ,Low,46,,Ireland,,
10/22/2023,News,Dublin News,Chinese Sci-Fi Steps Into Spotlight,https://www.dublinnews.com/news/274007644/chinese-sci-fi-steps-into-spotlight,,neutral,128,3735,3863,0,$7.26 ,Low,28,,Australia,New South Wales,Sydney
10/22/2023,News,Liverpool Star,Chinese Sci-Fi Steps Into Spotlight,https://www.liverpoolstar.com/news/274007644/chinese-sci-fi-steps-into-spotlight,,neutral,113,500,613,0,$1.15 ,Low,8,,Australia,New South Wales,Sydney
10/22/2023,News,Nigeria Sun,Chinese Sci-Fi Steps Into Spotlight,https://www.nigeriasun.com/news/274007644/chinese-sci-fi-steps-into-spotlight,,neutral,92,500,592,0,$1.11 ,Low,25,,Australia,New South Wales,Sydney
10/22/2023,News,unitedkingdomnews.net latest rss headlines,Chinese Sci-Fi Steps Into Spotlight,https://www.unitedkingdomnews.net/news/274007644/chinese-sci-fi-steps-into-spotlight,"Voice of America23 Oct 2023, 09:35 GMT+10",neutral,230,500,730,0,$1.37 ,Low,14,,United Kingdom,,
10/22/2023,News,Zimbabwe Star,Chinese Sci-Fi Steps Into Spotlight,https://www.zimbabwestar.com/news/274007644/chinese-sci-fi-steps-into-spotlight,,neutral,301,500,801,0,$1.51 ,Low,33,,Australia,New South Wales,Sydney
10/22/2023,News,Switzerland Times,Chinese Sci-Fi Steps Into Spotlight,https://www.switzerlandtimes.com/news/274007644/chinese-sci-fi-steps-into-spotlight,"Voice of America23 Oct 2023, 09:35 GMT+10",neutral,25,500,525,0,$0.99 ,Low,10,,Australia,New South Wales,Sydney
10/22/2023,News,Scandinaviatimes.com,Chinese Sci-Fi Steps Into Spotlight,https://www.scandinaviatimes.com/news/274007644/chinese-sci-fi-steps-into-spotlight,"Voice of America23 Oct 2023, 09:35 GMT+10",neutral,135,500,635,0,$1.19 ,Low,17,,Australia,,
10/22/2023,News,www.newzealandstar.com,Chinese Sci-Fi Steps Into Spotlight,https://www.newzealandstar.com/news/274007644/chinese-sci-fi-steps-into-spotlight,,neutral,188,500,688,0,$1.29 ,Low,19,,United States,,
10/22/2023,News,Egypt News.Net,Chinese Sci-Fi Steps Into Spotlight,https://www.egyptnews.net/news/274007644/chinese-sci-fi-steps-into-spotlight,,neutral,204,500,704,0,$1.32 ,Low,21,,Egypt,Al Qahirah,New Cairo
10/22/2023,News,Belgium Sun,Chinese Sci-Fi Steps Into Spotlight,https://www.belgiumsun.com/news/274007644/chinese-sci-fi-steps-into-spotlight,,neutral,180,500,680,0,$1.28 ,Low,12,,Australia,New South Wales,Sydney
10/22/2023,News,Madagascar Sun,Chinese Sci-Fi Steps Into Spotlight,https://www.madagascarsun.com/news/274007644/chinese-sci-fi-steps-into-spotlight,,neutral,6,500,506,0,$0.95 ,Low,13,,Australia,New South Wales,Sydney
10/22/2023,News,Asia Pacific Star,Chinese Sci-Fi Steps Into Spotlight,https://www.asiapacificstar.com/news/274007644/chinese-sci-fi-steps-into-spotlight,,neutral,227,500,727,0,$1.37 ,Low,22,,Australia,New South Wales,Sydney
10/22/2023,News,Kazakhstan News,Chinese Sci-Fi Steps Into Spotlight,http://www.kazakhstannews.net/news/274007644/chinese-sci-fi-steps-into-spotlight,,neutral,352,500,852,0,$1.60 ,Low,27,,Kazakhstan,,
10/22/2023,News,Iraq Sun,Chinese Sci-Fi Steps Into Spotlight,https://www.iraqsun.com/news/274007644/chinese-sci-fi-steps-into-spotlight,,neutral,184,500,684,0,$1.29 ,Low,16,,Australia,New South Wales,Sydney
10/22/2023,News,TheTurkeyNews.Net,Chinese Sci-Fi Steps Into Spotlight,https://www.theturkeynews.net/news/274007644/chinese-sci-fi-steps-into-spotlight,,neutral,181,500,681,0,$1.28 ,Low,21,,Turkey,,
10/22/2023,News,www.stpetersburgnews.net,Chinese Sci-Fi Steps Into Spotlight,https://www.stpetersburgnews.net/news/274007644/chinese-sci-fi-steps-into-spotlight,"Voice of America23 Oct 2023, 09:35 GMT+10",neutral,422,500,922,0,$1.73 ,Low,22,,United States,,
10/22/2023,News,russianews.net latest rss headlines,Chinese Sci-Fi Steps Into Spotlight,https://www.russianews.net/news/274007644/chinese-sci-fi-steps-into-spotlight,"Voice of America23 Oct 2023, 09:35 GMT+10",neutral,424,500,924,0,$1.74 ,Low,32,,United States,,
10/22/2023,News,Cambodian Times,Chinese Sci-Fi Steps Into Spotlight,https://www.cambodiantimes.com/news/274007644/chinese-sci-fi-steps-into-spotlight,,neutral,284,500,784,0,$1.47 ,Low,31,,Cambodia,,
10/22/2023,News,Bangladesh Sun,Chinese Sci-Fi Steps Into Spotlight,https://www.bangladeshsun.com/news/274007644/chinese-sci-fi-steps-into-spotlight,"Voice of America23 Oct 2023, 09:35 GMT+10",neutral,92,500,592,0,$1.11 ,Low,20,,Australia,New South Wales,Sydney
10/22/2023,News,Myanmar Sun,Chinese Sci-Fi Steps Into Spotlight,https://www.myanmarsun.com/news/274007644/chinese-sci-fi-steps-into-spotlight,"Voice of America23 Oct 2023, 09:35 GMT+10",neutral,126,500,626,0,$1.18 ,Low,11,,Australia,New South Wales,Sydney
10/22/2023,News,NewsBreak,Chinese sci-fi steps into the spotlight,https://www.newsbreak.com/news/3201714834314-chinese-sci-fi-steps-into-the-spotlight,Rebecca BAILEY,neutral,2046405,8664318,10710724,0,"$20,136.16 ",Medium,71,,United States,California,Mountain View
10/22/2023,News,Viet Nam Tribune,Chinese Sci-Fi Steps Into Spotlight,https://www.vietnamtribune.com/news/274007644/chinese-sci-fi-steps-into-spotlight,,neutral,148,500,648,0,$1.22 ,Low,27,,Viet Nam,,
10/22/2023,Blog,Jakarta News,Chinese Sci-Fi Steps Into Spotlight,https://www.jakartanews.net/news/274007644/chinese-sci-fi-steps-into-spotlight,,neutral,190,500,690,0,$1.30 ,Low,27,,Bahrain,,
10/22/2023,News,thecambodianews.net,Chinese Sci-Fi Steps Into Spotlight,https://www.thecambodianews.net/news/274007644/chinese-sci-fi-steps-into-spotlight,,neutral,707,500,1207,0,$2.27 ,Low,28,,Cambodia,,
10/22/2023,News,Washington DC News,Chinese Sci-Fi Steps Into Spotlight,https://www.washingtondcnews.net/news/274007644/chinese-sci-fi-steps-into-spotlight,"Voice of America23 Oct 2023, 09:35 GMT+10",neutral,300,126,426,0,$0.80 ,Low,17,,United States,District of Columbia,Washington
10/22/2023,News,Beijing News.Net,Chinese Sci-Fi Steps Into Spotlight,https://www.beijingnews.net/news/274007644/chinese-sci-fi-steps-into-spotlight,,neutral,536,415,951,0,$1.79 ,Low,48,,China,Beijing,Beijing
10/22/2023,News,Brunei News.Net,Chinese Sci-Fi Steps Into Spotlight,http://www.bruneinews.net/news/274007644/chinese-sci-fi-steps-into-spotlight,,neutral,301,500,801,0,$1.51 ,Low,29,,Bahrain,Al Manamah (Al ‘Asimah),Al Manamah
10/22/2023,News,Singapore Star,Chinese Sci-Fi Steps Into Spotlight,https://www.singaporestar.com/news/274007644/chinese-sci-fi-steps-into-spotlight,,neutral,59,11111,11170,0,$21.00 ,Low,25,,Australia,New South Wales,Sydney
10/22/2023,News,chinanews.net latest rss headlines,Chinese Sci-Fi Steps Into Spotlight,https://www.chinanews.net/news/274007644/chinese-sci-fi-steps-into-spotlight,,neutral,210,3372,3582,0,$6.73 ,Low,34,,United States,,
10/22/2023,News,Philippines News.net,Chinese Sci-Fi Steps Into Spotlight,https://www.philippinesnews.net/news/274007644/chinese-sci-fi-steps-into-spotlight,"Voice of America23 Oct 2023, 09:35 GMT+10",neutral,280,609,889,0,$1.67 ,Low,34,,Philippines,,
10/22/2023,News,Kuala Lumpur Times,Chinese Sci-Fi Steps Into Spotlight,https://www.kualalumpurtimes.com/news/274007644/chinese-sci-fi-steps-into-spotlight,,neutral,307,500,807,0,$1.52 ,Low,19,,Australia,New South Wales,Sydney
10/22/2023,News,Malaysia News.net,Chinese Sci-Fi Steps Into Spotlight,https://www.malaysianews.net/news/274007644/chinese-sci-fi-steps-into-spotlight,,neutral,411,500,911,0,$1.71 ,Low,33,,Malaysia,,
10/22/2023,Blog,Hong Kong News latest RSS headlines - Hong Kong News.net,Chinese Sci-Fi Steps Into Spotlight,https://www.hongkongnews.net/news/274007644/chinese-sci-fi-steps-into-spotlight,"Voice of America23 Oct 2023, 09:35 GMT+10",neutral,216,500,716,0,$1.35 ,Low,30,,United States,,
10/22/2023,News,Philippine Times,Chinese Sci-Fi Steps Into Spotlight,https://www.philippinetimes.com/news/274007644/chinese-sci-fi-steps-into-spotlight,,neutral,348,123,472,0,$0.89 ,Low,36,,Philippines,,
10/22/2023,Blog,Peking Press,Chinese Sci-Fi Steps Into Spotlight,https://www.pekingpress.com/news/274007644/chinese-sci-fi-steps-into-spotlight,,neutral,301,500,801,0,$1.51 ,Low,21,,China,Beijing,Beijing
10/22/2023,News,BarbadosNews.net,Chinese Sci-Fi Steps Into Spotlight,https://www.barbadosnews.net/news/274007644/chinese-sci-fi-steps-into-spotlight,,neutral,92,500,592,0,$1.11 ,Low,24,,Barbados,,
10/22/2023,News,www.manilametro.com,Chinese Sci-Fi Steps Into Spotlight,https://www.manilametro.com/news/274007644/chinese-sci-fi-steps-into-spotlight,,neutral,196,1483,1679,0,$3.16 ,Low,20,,United States,,
10/22/2023,News,Taiwan Sun,Chinese Sci-Fi Steps Into Spotlight,https://www.taiwansun.com/news/274007644/chinese-sci-fi-steps-into-spotlight,,neutral,175,500,675,0,$1.27 ,Low,24,,Australia,New South Wales,Sydney
10/22/2023,News,Manila News.Net,Chinese Sci-Fi Steps Into Spotlight,https://www.manilanews.net/news/274007644/chinese-sci-fi-steps-into-spotlight,,neutral,205,144,349,0,$0.66 ,Low,29,,Bahrain,,
10/22/2023,News,The Tokyo News.net,Chinese Sci-Fi Steps Into Spotlight,https://www.thetokyonews.net/news/274007644/chinese-sci-fi-steps-into-spotlight,"Voice of America23 Oct 2023, 09:35 GMT+10",neutral,177,500,677,0,$1.27 ,Low,24,,Japan,Tôkyô [Tokyo],Tokyo
10/22/2023,News,South Korea News.Net,Chinese Sci-Fi Steps Into Spotlight,https://www.southkoreanews.net/news/274007644/chinese-sci-fi-steps-into-spotlight,,neutral,402,2266,2668,0,$5.02 ,Low,34,,"Korea, Republic of",,
10/22/2023,News,Japan Herald,Chinese Sci-Fi Steps Into Spotlight,https://www.japanherald.com/news/274007644/chinese-sci-fi-steps-into-spotlight,"Voice of America23 Oct 2023, 09:35 GMT+10",neutral,235,500,735,0,$1.38 ,Low,34,,Japan,Tôkyô [Tokyo],Shinjuku-ku
10/22/2023,News,Brisbane News,Chinese Sci-Fi Steps Into Spotlight,https://www.brisbanenews.net/news/274007644/chinese-sci-fi-steps-into-spotlight,,neutral,162,500,662,0,$1.24 ,Low,18,,Australia,Queensland,Brisbane
10/22/2023,News,The Sydney News,Chinese Sci-Fi Steps Into Spotlight,https://www.sydneynews.net/news/274007644/chinese-sci-fi-steps-into-spotlight,"Voice of America23 Oct 2023, 09:35 GMT+10",neutral,507,500,1007,0,$1.89 ,Low,16,,Australia,New South Wales,Sydney
10/22/2023,News,Beijing Bulletin,Chinese Sci-Fi Steps Into Spotlight,https://www.beijingbulletin.com/news/274007644/chinese-sci-fi-steps-into-spotlight,,neutral,143,500,643,0,$1.21 ,Low,26,,Australia,New South Wales,Sydney
10/22/2023,News,Miami Mirror,Chinese Sci-Fi Steps Into Spotlight,https://www.miamimirror.com/news/274007644/chinese-sci-fi-steps-into-spotlight,"Voice of America23 Oct 2023, 09:35 GMT+10",neutral,109,500,609,0,$1.14 ,Low,23,,United States,Florida,Miami
10/22/2023,News,Perth Herald,Chinese Sci-Fi Steps Into Spotlight,https://www.perthherald.com/news/274007644/chinese-sci-fi-steps-into-spotlight,"Voice of America23 Oct 2023, 09:35 GMT+10",neutral,121,500,621,0,$1.17 ,Low,22,,Australia,New South Wales,Sydney
10/22/2023,News,www.tennistimes.com,Chinese Sci-Fi Steps Into Spotlight,https://www.tennistimes.com/news/274007644/chinese-sci-fi-steps-into-spotlight,,neutral,129,500,629,0,$1.18 ,Low,11,,United States,,
10/22/2023,News,Paris Guardian,Chinese Sci-Fi Steps Into Spotlight,https://www.parisguardian.com/news/274007644/chinese-sci-fi-steps-into-spotlight,,neutral,263,500,763,0,$1.43 ,Low,27,,Australia,New South Wales,Sydney
10/22/2023,News,Hong Kong Herald,Chinese Sci-Fi Steps Into Spotlight,https://www.hongkongherald.com/news/274007644/chinese-sci-fi-steps-into-spotlight,,neutral,402,500,902,0,$1.70 ,Low,30,,Germany,,
10/22/2023,News,www.australiannews.net,Chinese Sci-Fi Steps Into Spotlight,https://www.australiannews.net/news/274007644/chinese-sci-fi-steps-into-spotlight,"Voice of America23 Oct 2023, 09:35 GMT+10",neutral,922,500,1422,0,$2.67 ,Low,40,,United States,,
10/22/2023,News,North Korea Times,Chinese Sci-Fi Steps Into Spotlight,https://www.northkoreatimes.com/news/274007644/chinese-sci-fi-steps-into-spotlight,,neutral,910,1150,2061,0,$3.87 ,Low,38,,Australia,New South Wales,Sydney
10/22/2023,News,International Business Times,Chinese Sci-fi Steps Into The Spotlight,https://www.ibtimes.com/chinese-sci-fi-steps-spotlight-3716026,Rebecca BAILEY,neutral,151723,365550,517274,0,$972.48 ,Medium,91,,United States,New York,New York
10/22/2023,News,Nestia News,Chinese sci-fi steps into the spotlight,https://news.nestia.com/detail/Chinese-sci-fi-steps-into-the-spotlight/11766582,8.33607E+14,neutral,12536,141171,153708,0,$288.97 ,Low,38,,Singapore,,
10/22/2023,News,Space Daily,Chinese sci-fi steps into the spotlight,https://www.sinodaily.com/reports/Chinese_sci-fi_steps_into_the_spotlight_999.html,,neutral,1208,394,1602,0,$3.01 ,Low,38,,Australia,,
10/22/2023,News,Daily Mail Online,Chinese sci-fi steps into the spotlight Chinese sci-fi steps into the spotlight Chinese sci-fi steps into the spotlight,https://www.dailymail.co.uk/wires/afp/article-12658965/Chinese-sci-fi-steps-spotlight.html,Afp,neutral,18215609,69143888,87359498,0,"$164,235.86 ",High,94,,United Kingdom,"London, City of",London
10/22/2023,News,thefijinews.net latest rss headlines,Chinese Sci-Fi Steps Into Spotlight,http://www.thefijinews.net/news/274007644/chinese-sci-fi-steps-into-spotlight,,neutral,92,500,592,0,$1.11 ,Low,17,,United States,,
10/22/2023,News,Oman Observer,Women sci-fi writer numbers rocketing in China,https://www.omanobserver.om/article/1144604/features/lifestyle/women-sci-fi-writer-numbers-rocketing-in-china,Oman Observer,positive,28500,239716,268217,0,$504.25 ,Medium,58,,Oman,Masqat,
10/22/2023,News,Auckland News.Net,Chinese Sci-Fi Steps Into Spotlight,https://www.aucklandnews.net/news/274007644/chinese-sci-fi-steps-into-spotlight,"Voice of America23 Oct 2023, 09:35 GMT+10",neutral,92,500,592,0,$1.11 ,Low,21,,New Zealand,Auckland,Auckland
10/22/2023,News,RFI,Chinese sci-fi steps into the spotlight,https://www.rfi.fr/en/international-news/20231022-chinese-sci-fi-steps-into-the-spotlight,,neutral,1556368,5223877,6780245,0,"$12,746.86 ",Medium,91,,France,Paris,Paris
10/22/2023,News,FRANCE 24,Chinese sci-fi steps into the spotlight,https://www.france24.com/en/live-news/20231022-chinese-sci-fi-steps-into-the-spotlight,https://www.facebook.com/FRANCE24.English,neutral,2054385,5706370,7760756,9,"$14,590.22 ",High,92,,France,Paris,Paris
10/22/2023,News,MSN,Chinese sci-fi steps into the spotlight,https://www.msn.com/en-ph/news/world/chinese-sci-fi-steps-into-the-spotlight/ar-AA1iE7n3?ocid=Peregrine,,neutral,49826210,79224026,129050237,0,"$242,614.45 ",Medium,94,,United States,Washington,Redmond
10/21/2023,Blog,RTL,Worldcon: Chinese sci-fi steps into the spotlight,https://today.rtl.lu/news/world/a/2129232.html,,neutral,48474,144696,193170,0,$363.16 ,Medium,67,,Luxembourg,,
10/21/2023,News,Raw Story,Women sci-fi writer numbers rocketing in China,https://www.rawstory.com/women-sci-fi-writer-numbers-rocketing-in-china/,,positive,761684,2191503,2953187,13,"$5,551.99 ",High,87,,United States,District of Columbia,Washington
10/21/2023,News,Manila Times,Female sci-fi writers surging in China,https://www.manilatimes.net/2023/10/22/world/asia-oceania/female-sci-fi-writers-surging-in-china/1915891,Agence France-Presse,positive,314634,1804831,2119466,0,"$3,984.60 ",Medium,68,,Philippines,,
10/21/2023,News,Yahoo News Singapore,Chinese sci-fi steps into the spotlight,https://sg.news.yahoo.com/chinese-sci-fi-steps-spotlight-120158458.html,Rebecca BAILEY,neutral,401964,1435267,1837232,0,"$3,454.00 ",Medium,94,,Singapore,Singapore - No State,
10/21/2023,News,Yahoo News,Women sci-fi writer numbers rocketing in China,https://news.yahoo.com/women-sci-fi-writer-numbers-033831557.html,Yahoo Sports,positive,17947656,42324054,60271710,0,"$113,310.81 ",Medium,93,,United States,New York,New York
10/21/2023,News,ENCA (eNews Channel Africa),Women sci-fi writer numbers rocketing in China - eNCA,https://www.enca.com/lifestyle/women-sci-fi-writer-numbers-rocketing-china,eNCA,positive,47566,439081,486648,0,$914.90 ,Medium,76,,South Africa,Gauteng,Johannesburg
10/21/2023,News,www.24newshd.tv,Women sci-fi writer numbers rocketing in China,https://www.24newshd.tv/21-Oct-2023/women-sci-fi-writer-numbers-rocketing-in-china,Admin,positive,11018,62904,73922,0,$138.97 ,Low,43,,Tuvalu,,
10/21/2023,News,VnExpress International,Women sci-fi writer numbers rocketing in China - VnExpress International,https://e.vnexpress.net/news/world/women-sci-fi-writer-numbers-rocketing-in-china-4667477.html,,positive,237354,506324,743679,0,"$1,398.12 ",Medium,88,,Viet Nam,,
10/21/2023,News,The Peninsula,Women sci-fi writer numbers rocketing in China | The Peninsula Qatar,https://thepeninsulaqatar.com/article/21/10/2023/women-sci-fi-writer-numbers-rocketing-in-china,The Peninsula Newspaper,positive,62691,312314,375005,0,$705.01 ,Medium,78,,Qatar,Ad Dawhah,Doha
10/21/2023,News,The Star,Women sci-fi writer numbers rocketing in China,https://www.thestar.com.my/aseanplus/aseanplus-news/2023/10/21/women-sci-fi-writer-numbers-rocketing-in-china,Rebecca BAILEY (AFP),positive,550531,3286689,3837221,0,"$7,213.98 ",Medium,89,,Malaysia,Wilayah Persekutuan Kuala Lumpur,
10/21/2023,News,International Business Times,Women Sci-fi Writer Numbers Rocketing In China,https://www.ibtimes.com/women-sci-fi-writer-numbers-rocketing-china-3715973,Rebecca BAILEY,positive,151723,365550,517274,0,$972.48 ,Medium,91,,United States,New York,New York
10/21/2023,News,Yahoo Singapore,Women sci-fi writer numbers rocketing in China,https://sg.finance.yahoo.com/news/women-sci-fi-writer-numbers-033831748.html,Rebecca BAILEY,positive,196141,475252,671393,0,"$1,262.22 ",Medium,93,,Singapore,,
10/21/2023,News,Space Daily,Women sci-fi writer numbers rocketing in China,https://www.sinodaily.com/reports/Women_sci-fi_writer_numbers_rocketing_in_China_999.html,,positive,1208,394,1602,0,$3.01 ,Low,38,,Australia,,
10/21/2023,News,Daily Mail Online,Women sci-fi writer numbers rocketing in China Women sci-fi writer numbers rocketing in China Women sci-fi writer numbers rocketing in China,https://www.dailymail.co.uk/wires/afp/article-12655977/Women-sci-fi-writer-numbers-rocketing-China.html,Afp,positive,18215609,69143888,87359498,0,"$164,235.86 ",High,94,,United Kingdom,"London, City of",London
10/21/2023,News,RFI,Women sci-fi writer numbers rocketing in China,https://www.rfi.fr/en/international-news/20231021-women-sci-fi-writer-numbers-rocketing-in-china,,positive,1556368,5223877,6780245,0,"$12,746.86 ",Medium,91,,France,Paris,Paris
10/21/2023,News,FRANCE 24,Women sci-fi writer numbers rocketing in China,https://www.france24.com/en/live-news/20231021-women-sci-fi-writer-numbers-rocketing-in-china,https://www.facebook.com/FRANCE24.English,positive,2054385,5706370,7760756,0,"$14,590.22 ",Medium,92,,France,Paris,Paris
10/20/2023,News,Yahoo News UK,Women sci-fi writer numbers rocketing in China,https://uk.news.yahoo.com/women-sci-fi-writer-numbers-033831893.html,,positive,811917,1939456,2751373,0,"$5,172.58 ",Medium,94,,United Kingdom,"London, City of",London
10/20/2023,Blog,RTL,Renewed interest: Women sci-fi writer numbers rocketing in China,https://today.rtl.lu/news/world/a/2128785.html,,positive,48474,144696,193170,0,$363.16 ,Medium,67,,Luxembourg,,
10/20/2023,News,MSN,Women sci-fi writer numbers rocketing in China,https://www.msn.com/en-sg/news/world/women-sci-fi-writer-numbers-rocketing-in-china/ar-AA1iB124?ocid=Peregrine,,positive,49826210,79224026,129050237,0,"$242,614.45 ",High,94,,United States,Washington,Redmond
10/20/2023,News,Hong Kong Standard,Women sci-fi writer numbers rocketing in China,https://www.thestandard.com.hk/breaking-news/section/3/209499/Women-sci-fi-writer-numbers-rocketing-in-China,The Standard,positive,113785,316114,429899,37,$808.21 ,High,75,,Hong Kong,,
10/19/2023,News,Yahoo News Singapore,Women sci-fi writer numbers rocketing in China,https://sg.news.yahoo.com/women-sci-fi-writer-numbers-033831748.html,Rebecca BAILEY,positive,401964,1435267,1837232,0,"$3,454.00 ",Medium,94,,Singapore,Singapore - No State,
,,,,,,,,,,,,,,,,,
,,,,,,,,,,,,,,,,,
,,,,,,,,,,,"$1,049,258.81 ",,,,,,
