Date,Media Type,Media Outlet,Title,Link,Author,Sentiment,Desktop Readership,Mobile Readership,Total Readership,Shares,Ad Equivalency,Article Impact,SEO Impact,Language,Country,State,City,,,,
7/17/2024,News,www.anthropocenemagazine.org,What’s better for bees? More habitat or less pesticides?,https://www.anthropocenemagazine.org/2024/07/whats-better-for-bees-more-habitat-or-less-pesticides/,Warren Cornwall,neutral,,,51060,26,-,Medium,,English,United States,,,,,,
7/15/2024,News,www.sancarlosonline.cl,¿Salvar abejas en San Carlos?:,https://www.sancarlosonline.cl/2024/07/salvar-abejas-en-san-carlos.html,San Carlos On Line (noreply@blogger.com),neutral,1517,1598,3116,0,$5.86 ,Low,34,Spanish,Chile,,,,,,
7/14/2024,Blog,mundoagropecuario.com,Para salvar a las abejas: el papel del hábitat y los pesticidas,https://mundoagropecuario.com/para-salvar-a-las-abejas-los-cientificos-dicen-que-hay-que-centrarse-primero-en-el-habitat-y-luego-en-los-pesticidas/,REDACCION,neutral,3476,27087,30564,0,$57.46 ,Low,41,Spanish,United States,,,,,Row Labels,Count of Country
7/11/2024,News,Food Online,"To Save Bees, Scientists Say Focus On Habitat, Then Pesticides",https://www.foodonline.com/doc/to-save-bees-scientists-say-focus-on-habitat-then-pesticides-0001,,neutral,2593,3583,6176,0,$11.61 ,Low,44,English,United States,,,,,Australia,30
7/10/2024,News,En.huvle.com,"To save bees, scientists say focus on habitat, then pesticides",https://en.huvle.com/news/view.do?guid=20240708204900374128,,neutral,355,500,855,0,$1.61 ,Low,,English,"Korea, Republic of",,,,,Bahrain,1
7/9/2024,News,revistametronomo.com,"Ciencia: Para salvar a las abejas, primero concéntrate en su hábitat",https://revistametronomo.com/ciencia-para-salvar-a-las-abejas-primero-concentrate-en-su-habitat,Zenaida Danon,neutral,178,500,678,0,$1.27 ,Low,34,Spanish,United States,,,,,Cambodia,2
7/9/2024,News,PR Newswire,"To save bees, scientists say focus on habitat, then pesticides",https://en.prnasia.com/story/453382-0.shtml,,neutral,21244,4364,25608,0,$48.14 ,Low,78,English,Hong Kong,,,,,Chile,1
7/9/2024,News,mus.acrofan.com,"To save bees, scientists say focus on habitat, then pesticides",https://mus.acrofan.com/article_sub3.php?number=967201,,neutral,255,1372,1627,0,$3.06 ,Low,44,English,Ireland,Dublin,Dublin,,,China,2
7/9/2024,News,Acrofan,"To save bees, scientists say focus on habitat, then pesticides",https://us.acrofan.com/detail.php?number=967201,,neutral,1177,24,1201,0,$2.26 ,Low,44,English,United States,,,,,Croatia,1
7/8/2024,News,www.quotidianocontribuenti.com,Scienza: per salvare le api concentrarsi prima sull’habitat,https://www.quotidianocontribuenti.com/scienza-per-salvare-le-api-concentrarsi-prima-sullhabitat/,Quotidiano dei Contribuenti,neutral,1495,4263,5758,0,$10.83 ,Low,31,Italian,Italy,,,,,Hong Kong,8
7/8/2024,News,KIPOST,"To save bees, scientists say focus on habitat, then pesticides",https://www.kipost.net/news/articleView.html?idxno=320181,PR Newswire,neutral,18018,4828,22846,0,$42.95 ,Low,35,English,"Korea, Republic of",Seoul Teugbyeolsi [Seoul-T'ukpyolshi],Seoul,,,India,5
7/8/2024,News,Move FM,"To save bees, scientists say focus on habitat, then pesticides",https://www.movefm.com.au/to-save-bees-scientists-say-focus-on-habitat-then-pesticides/,,neutral,393,405,799,0,$1.50 ,Low,25,English,Australia,New South Wales,Lithgow,,,Indonesia,4
7/8/2024,News,Radio 2LT,"To save bees, scientists say focus on habitat, then pesticides",https://www.2lt.com.au/to-save-bees-scientists-say-focus-on-habitat-then-pesticides/,radio-webmaster,neutral,177,500,677,0,$1.27 ,Low,31,English,Australia,New South Wales,Lithgow,,,Ireland,1
7/8/2024,News,BangkokStyle.online,"To save bees, scientists say focus on habitat, then pesticides",https://bangkokstyle.online/to-save-bees-scientists-say-focus-on-habitat-then-pesticides,@BangkokStyleWeb,neutral,273,2988,3261,2,$6.13 ,Low,19,English,Thailand,Krung Thep Maha Nakhon [Bangkok],Bangkok,,,Italy,1
7/8/2024,News,Taiwan News,"To save bees, scientists say focus on habitat, then pesticides | Taiwan News | Jul. 8, 2024 19:49",https://www.taiwannews.com.tw/news/5899422,,neutral,174346,715482,889829,0,"$1,672.88 ",Medium,80,English,Taiwan,Taipei Special Municipality,Taipei,,,Japan,2
7/8/2024,News,taiwannews.com.tw,"To save bees, scientists say focus on habitat, then pesticides | Taiwan News | Jul. 8, 2024 19:49",https://taiwannews.com.tw/news/5899422,,neutral,174346,715482,889829,0,"$1,672.88 ",Medium,80,English,Taiwan,,,,,"Korea, Republic of",7
7/8/2024,News,Siam News Network,"To save bees, scientists say focus on habitat, then pesticides",https://www.siamnews.net/press-releases/93249-to-save-bees-scientists-say-focus-on-habitat-then-pesticides,CISION PR Newswire,neutral,676,500,1176,0,$2.21 ,Low,20,English,Hong Kong,,,,,Malaysia,23
7/8/2024,News,Enterprise Asia,"To save bees, scientists say focus on habitat, then pesticides",https://www.enterpriseasia.org/to-save-bees-scientists-say-focus-on-habitat-then-pesticides,Admin,neutral,1819,614,2433,0,$4.57 ,Low,31,English,Hong Kong,,,,,Philippines,9
7/8/2024,News,State of Digital Publishing,"To save bees, scientists say focus on habitat, then pesticides",https://www.stateofdigitalpublishing.com/pr-newswire/?rkey=20240708AE55841&filter=8209,,neutral,6494,6364,12858,0,$24.17 ,Low,44,English,Australia,New South Wales,Sydney,,,Singapore,14
7/8/2024,News,Data & Storage Asean,"To save bees, scientists say focus on habitat, then pesticides",https://datastorageasean.com/prnews/?rkey=20240708AE55841&filter=12173,,neutral,3775,24599,28374,0,$53.34 ,Low,38,English,Malaysia,Selangor,Cyberjaya,,,Taiwan,2
7/8/2024,News,Onetechavenue,"To save bees, scientists say focus on habitat, then pesticides",https://onetechavenue.com/newswire/?rkey=20240708AE55841&filter=10155,,neutral,74,500,574,0,$1.08 ,Low,22,English,Philippines,Cebu,,,,Thailand,7
7/8/2024,News,Decentralyze,"To save bees, scientists say focus on habitat, then pesticides",https://decentralyze.io/pr-news-2/?rkey=20240708AE55841&filter=24972,,neutral,98,500,598,0,$1.12 ,Low,10,English,United States,,,,,United Kingdom,4
7/8/2024,Blog,My Tech Quest,"To save bees, scientists say focus on habitat, then pesticides",https://mytechquest.com/prnewswire/?rkey=20240708AE55841&filter=11887,,neutral,211,500,711,0,$1.34 ,Low,39,English,Malaysia,Johor,,,,United States,20
7/8/2024,News,One News Page,"To save bees, scientists say focus on habitat, then pesticides",https://www.onenewspage.com/prnewswire.php?rkey=20240708AE55841&filter=3968,,neutral,10580,36247,46828,0,$88.04 ,Low,62,English,United States,New York,New York,,,Viet Nam,9
7/8/2024,News,Technophile,"To save bees, scientists say focus on habitat, then pesticides",https://technophileph.com/pr-newswire/?rkey=20240708AE55841&filter=23995,,neutral,298,9752,10050,0,$18.89 ,Low,18,English,Philippines,National Capital Region,,,,Zambia,1
7/8/2024,News,Tech Inside Out,"To save bees, scientists say focus on habitat, then pesticides",https://www.techinsideout.co/tech-releases/?rkey=20240708AE55841&filter=21681,,neutral,422,500,922,0,$1.73 ,Low,25,English,United States,California,San Francisco,,,(blank),
7/8/2024,News,Haps Magazine Korea,"To save bees, scientists say focus on habitat, then pesticides",https://www.hapskorea.com/pr-newswire/?rkey=20240708AE55841&filter=23880,,neutral,11735,17247,28982,0,$54.49 ,Low,40,English,"Korea, Republic of",Busan Gwang'yeogsi [Pusan-Kwangyokshi],Busan,,,Grand Total,154
7/8/2024,News,한국사회복지저널,"To save bees, scientists say focus on habitat, then pesticides",https://www.ksw-news.com/news/articleView.html?idxno=1166106,PR Newswire,neutral,251,2791,3043,0,$5.72 ,Low,17,English,"Korea, Republic of",Seoul Teugbyeolsi [Seoul-T'ukpyolshi],Seoul,,,,
7/8/2024,News,Media China Topics,"To save bees, scientists say focus on habitat, then pesticides",https://mediachinatopics.com/2024/07/08/to-save-bees-scientists-say-focus-on-habitat-then-pesticides/,,neutral,41,500,541,0,$1.02 ,Low,11,English,Japan,Tôkyô [Tokyo],Toshima/Tokyo,,,,
7/8/2024,News,Yahoo! Finance,"To save bees, scientists say focus on habitat, then pesticides",https://finance.yahoo.com/news/save-bees-scientists-focus-habitat-114900916.html,PR Newswire,neutral,19856173,29970943,49827117,0,"$93,674.98 ",Medium,95,English,United States,New York,New York,,,Row Labels,Count of Language
7/8/2024,News,DigitalMore.co,"To save bees, scientists say focus on habitat, then pesticides",https://digitalmore.co/to-save-bees-scientists-say-focus-on-habitat-then-pesticides,@digitalmoreco,neutral,2957,12817,15775,0,$29.66 ,Low,31,English,Thailand,Krung Thep Maha Nakhon [Bangkok],Bangkok,,,Croatian,1
7/8/2024,News,Thailand PR News,"To save bees, scientists say focus on habitat, then pesticides",https://thailandbusinessnews.net/press-release/to-save-bees-scientists-say-focus-on-habitat-then-pesticides/,,neutral,135,500,635,0,$1.19 ,Low,14,English,Thailand,Krung Thep Maha Nakhon [Bangkok],Bangkok,,,English,150
7/8/2024,News,Manila Times,"To save bees, scientists say focus on habitat, then pesticides",https://www.manilatimes.net/2024/07/08/public-square/pr-newswire/to-save-bees-scientists-say-focus-on-habitat-then-pesticides/1955838,PR Newswire,neutral,152676,1098529,1251206,0,"$2,352.27 ",Medium,68,English,Philippines,,,,,Italian,1
7/8/2024,News,Thailand Business Directory,"To save bees, scientists say focus on habitat, then pesticides",https://www.thailandbusinessdirectory.net/to-save-bees-scientists-say-focus-on-habitat-then-pesticides/,PR Newswire,neutral,454,500,954,0,$1.79 ,Low,21,English,Thailand,Krung Thep Maha Nakhon [Bangkok],Bangkok,,,Spanish,3
7/8/2024,News,IT News Online,"To save bees, scientists say focus on habitat, then pesticides",http://www.itnewsonline.com/PRNewswire/To-save-bees-scientists-say-focus-on-habitat-then-pesticides/998362,itnewsonline,neutral,3682,2579,6262,0,$11.77 ,Low,53,English,India,,,,,(blank),
7/8/2024,News,AsiaOne,"To save bees, scientists say focus on habitat, then pesticides, Business News - AsiaOne",https://www.asiaone.com/business/save-bees-scientists-say-focus-habitat-then-pesticides,,neutral,284688,1387740,1672428,0,"$3,144.16 ",Medium,82,English,Singapore,Singapore - No State,,,,Grand Total,155
7/8/2024,News,Thailand Business News,"To save bees, scientists say focus on habitat, then pesticides - Thailand Business News",https://www.thailand-business-news.com/thailand-prnews/to-save-bees-scientists-say-focus-on-habitat-then-pesticides,PR Newswire,neutral,8585,19958,28544,0,$53.66 ,Low,50,English,Thailand,,,,,,
7/8/2024,News,스페셜타임스,"To save bees, scientists say focus on habitat, then pesticides",http://www.specialtimes.co.kr/news/articleView.html?idxno=400059,PR Newswire,neutral,998,4590,5589,0,$10.51 ,Low,20,English,"Korea, Republic of",Gyeonggido [Kyonggi-do],Bucheon,,,,
7/8/2024,News,Wipnews-윕뉴스,"To save bees, scientists say focus on habitat, then pesticides",http://www.wip-news.com/news/articleView.html?idxno=24168,PR Newswire,neutral,1998,6339,8338,0,$15.68 ,Low,24,English,"Korea, Republic of",Daejeon Gwang'yeogsi [Taejon-Kwangyokshi],Daejeon,,,,
7/8/2024,News,Business Daily Media,"To save bees, scientists say focus on habitat, then pesticides",https://www.businessdailymedia.com/news/press-releases?rkey=20240708AE55841&filter=24779,,neutral,2218,465,2684,0,$5.05 ,Low,31,English,Australia,New South Wales,Byron Bay,,,,
7/8/2024,News,Daily Sun,"To save bees, scientists say focus on habitat, then pesticides",https://dailysun.com.au/news/press-releases?rkey=20240708AE55841&filter=24793,,neutral,279,500,779,0,$1.46 ,Low,12,English,Australia,New South Wales,Byron Bay,,,,
7/8/2024,News,Kalkine Media,"To save bees, scientists say focus on habitat, then pesticides",https://kalkinemedia.com/news/prnews/to-save-bees-scientists-say-focus-on-habitat-then-pesticides,info@kalkinemedia.com (Cision),neutral,7363,23104,30468,0,$57.28 ,Low,58,English,United Kingdom,"London, City of",London,,,,
7/8/2024,News,IT비즈뉴스(ITBizNews),"To save bees, scientists say focus on habitat, then pesticides",http://www.itbiznews.com/news/articleView.html?idxno=139220,,neutral,21742,9062,30805,0,$57.91 ,Low,30,English,"Korea, Republic of",Seoul Teugbyeolsi [Seoul-T'ukpyolshi],Seoul,,,,
7/8/2024,News,Rivers of Living Water Missions,"To save bees, scientists say focus on habitat, then pesticides",https://www.rolwms.org/pr-newswire?rkey=20240708AE55841&filter=25324,,neutral,612,3219,3831,0,$7.20 ,Low,2,English,Zambia,Copperbelt,,,,,
7/8/2024,News,Sangri Times,"To save bees, scientists say focus on habitat, then pesticides",https://en.sangritimes.com/prnewswire?rkey=20240708AE55841&filter=21009,,neutral,1185,5024,6210,0,$11.67 ,Low,10,English,India,Rajasthan,Jaipur,,,,
7/8/2024,News,Media Bulletins,"To save bees, scientists say focus on habitat, then pesticides",http://mediabulletins.com/pr-newswire/?rkey=20240708AE55841&filter=4605,,neutral,583,500,1083,0,$2.04 ,Low,32,English,India,Orissa,Bhubaneswar,,,,
7/8/2024,News,Digital Conqurer,"To save bees, scientists say focus on habitat, then pesticides",https://digitalconqurer.com/prnewswire/technology/?rkey=20240708AE55841&filter=3833,,neutral,3740,4898,8638,0,$16.24 ,Low,43,English,India,Maharashtra,Nasik,,,,
7/8/2024,News,techdash.in,"To save bees, scientists say focus on habitat, then pesticides",https://techdash.in/pr-newswire/?rkey=20240708AE55841&filter=26476,,neutral,821,500,1321,0,$2.48 ,Low,20,English,India,,,,,,
7/8/2024,News,The Saigon Times,"To save bees, scientists say focus on habitat, then pesticides",https://english.thesaigontimes.vn/pr-newswire/?rkey=20240708AE55841&filter=23297,,neutral,9839,12206,22046,0,$41.45 ,Low,57,English,Viet Nam,Ho Chi Minh [Sai Gon],Ho Chi Minh City,,,,
7/8/2024,News,Connext,"To save bees, scientists say focus on habitat, then pesticides",https://connext.co.id/news/?rkey=20240708AE55841&filter=17249,,neutral,185,500,685,0,$1.29 ,Low,14,English,Indonesia,Jakarta Raya,Jakarta UTC1,,,,
7/8/2024,News,Bambuup,"To save bees, scientists say focus on habitat, then pesticides",https://bambuup.com/news-by-prnewswire?rkey=20240708AE55841&filter=23620,,neutral,664,3448,4113,0,$7.73 ,Low,16,English,Viet Nam,Ha Noi,,,,,
7/8/2024,News,PanaJournal,"To save bees, scientists say focus on habitat, then pesticides",http://www.panajournal.com/pr-newswire-feeds/?rkey=20240708AE55841&filter=2570,,neutral,394,500,894,0,$1.68 ,Low,21,English,Indonesia,,,,,,
7/8/2024,News,Vietnam Innovative Startup Accelerator,"To save bees, scientists say focus on habitat, then pesticides",https://www.viisa.vn/show_iframe_component/1408044?rkey=20240708AE55841&filter=16275,,neutral,256,500,756,0,$1.42 ,Low,26,English,Viet Nam,Ho Chi Minh [Sai Gon],Ho Chi Minh City,,,,
7/8/2024,News,TechSign.in,"To save bees, scientists say focus on habitat, then pesticides",https://www.techsignin.com/pr-newswire/?rkey=20240708AE55841&filter=15812,,neutral,2550,9441,11991,0,$22.54 ,Low,35,English,Viet Nam,,,,,,
7/8/2024,News,The Inside Out,"To save bees, scientists say focus on habitat, then pesticides",https://insideout.vn/pr-newswire/?rkey=20240708AE55841&filter=24501,,neutral,235,500,735,0,$1.38 ,Low,13,English,Viet Nam,,,,,,
7/8/2024,News,Cambodian Association of Finance and Technology,"To save bees, scientists say focus on habitat, then pesticides",https://www.caftkh.org/prnewswire?rkey=20240708AE55841&filter=23182,,neutral,324,500,824,0,$1.55 ,Low,16,English,Cambodia,Phnom Penh [Phnum Pénh],,,,,
7/8/2024,News,zonautara.com,"To save bees, scientists say focus on habitat, then pesticides",https://zonautara.com/news-release/?rkey=20240708AE55841&filter=19124,,neutral,1134,23914,25048,0,$47.09 ,Low,24,English,Indonesia,Sulawesi Utara,,,,,
7/8/2024,News,VietMis,"To save bees, scientists say focus on habitat, then pesticides",https://www.vietmis.com/pr-newswire-en.html?rkey=20240708AE55841&filter=21405,,neutral,1495,95,1590,0,$2.99 ,Low,9,English,Viet Nam,Ho Chi Minh [Sai Gon],Bèn Nghè,,,,
7/8/2024,News,Vietnam Manufacturing Expo,"To save bees, scientists say focus on habitat, then pesticides",https://www.vme-expo.com/en-gb/Pr_Newswire.html?rkey=20240708AE55841&filter=24275,,neutral,464,9328,9793,0,$18.41 ,Low,31,English,Viet Nam,Ha Noi,Ha Tay,,,,
7/8/2024,News,Vietnam Business Consulting,"To save bees, scientists say focus on habitat, then pesticides",https://vietnam-business-consulting.com/pr-newswire/?rkey=20240708AE55841&filter=21296,,neutral,263,500,763,0,$1.43 ,Low,7,English,Viet Nam,Ho Chi Minh [Sai Gon],Ho Chi Minh City,,,,
7/8/2024,News,Construction Property,"To save bees, scientists say focus on habitat, then pesticides",https://www.construction-property.com/prnewswire/?rkey=20240708AE55841&filter=12065,,neutral,13355,23374,36729,0,$69.05 ,Low,29,English,Cambodia,,,,,,
7/8/2024,News,The Vent Machine,"To save bees, scientists say focus on habitat, then pesticides",https://theventmachine.com/travel-tourism-hospitality-newswire/?rkey=20240708AE55841&filter=23096,,neutral,788,519,1308,0,$2.46 ,Low,18,English,Singapore,,,,,,
7/8/2024,News,Crisis Management Centre,"To save bees, scientists say focus on habitat, then pesticides",https://www.crisismanagementcentre.com/prnewswire/?rkey=20240708AE55841&filter=12386,,neutral,216,8616,8833,0,$16.61 ,Low,13,English,Malaysia,Wilayah Persekutuan Kuala Lumpur,,,,,
7/8/2024,News,Asia Briefing,"To save bees, scientists say focus on habitat, then pesticides",https://www.asiabriefing.com/news/partnernews/?rkey=20240708AE55841&filter=3384,,neutral,3964,2908,6872,0,$12.92 ,Low,43,English,Hong Kong,,,,,,
7/8/2024,News,Vulcan Post,"To save bees, scientists say focus on habitat, then pesticides",https://vulcanpost.com/newswire/?rkey=20240708AE55841&filter=25525,,neutral,54970,234285,289256,0,$543.80 ,Medium,71,English,Singapore,Singapore - No State,,,,,
7/8/2024,News,MyEverydayTech.com,"To save bees, scientists say focus on habitat, then pesticides",https://www.myeverydaytech.com/prnewswire/?rkey=20240708AE55841&filter=18689,,neutral,770,4183,4954,0,$9.31 ,Low,29,English,Malaysia,,,,,,
7/8/2024,News,en.hteknologi.com,"To save bees, scientists say focus on habitat, then pesticides",https://en.hteknologi.com/prnewswire/?rkey=20240708AE55841&filter=24744,,neutral,108,500,608,0,$1.14 ,Low,24,English,Malaysia,,,,,,
7/8/2024,News,Bravo Filipino,"To save bees, scientists say focus on habitat, then pesticides",https://bravofilipino.com/pr-newswire/?rkey=20240708AE55841&filter=21607,,neutral,140,34,175,0,$0.33 ,Low,56,English,Philippines,,,,,,
7/8/2024,Blog,kayburn.blog,"To save bees, scientists say focus on habitat, then pesticides",https://www.kayburn.blog/pr-newswire-2/?rkey=20240708AE55841&filter=19475,,neutral,155,500,655,0,$1.23 ,Low,19,English,Australia,Western Australia,Perth,,,,
7/8/2024,News,NEW GRAVITē,"To save bees, scientists say focus on habitat, then pesticides",https://www.newgravite.com/news/?rkey=20240708AE55841&filter=19627,,neutral,752,500,1252,0,$2.35 ,Low,15,English,Singapore,,,,,,
7/8/2024,News,ASEAN Briefing,"To save bees, scientists say focus on habitat, then pesticides",https://www.aseanbriefing.com/news/partnernews?rkey=20240708AE55841&filter=3394,,neutral,41768,65462,107230,0,$201.59 ,Low,56,English,Hong Kong,,,,,,
7/8/2024,News,rolfsuey.com,"To save bees, scientists say focus on habitat, then pesticides",https://rolfsuey.com/home/pr-newswire/?rkey=20240708AE55841&filter=20783,,neutral,135,761,897,0,$1.69 ,Low,19,English,Singapore,,Singapore,,,,
7/8/2024,Blog,Property Insight,"To save bees, scientists say focus on habitat, then pesticides",http://propertyinsight.com.my/newswire/?rkey=20240708AE55841&filter=8345,,neutral,250,345,595,0,$1.12 ,Low,28,English,Malaysia,,,,,,
7/8/2024,Blog,Music Photo Life,"To save bees, scientists say focus on habitat, then pesticides",https://musicphotolife.com/news-prnewswire/?rkey=20240708AE55841&filter=23738,,neutral,1870,1676,3546,0,$6.67 ,Low,40,English,Singapore,Singapore - No State,,,,,
7/8/2024,News,The Wellness Insider,"To save bees, scientists say focus on habitat, then pesticides",https://thewellnessinsider.asia/prnewswire/?preview=true&rkey=20240708AE55841&filter=10625,,neutral,1043,7547,8590,0,$16.15 ,Low,25,English,Singapore,Singapore - No State,,,,,
7/8/2024,News,Asia Bars & Restaurants,"To save bees, scientists say focus on habitat, then pesticides",https://www.asia-bars.com/pr-newswire/?rkey=20240708AE55841&filter=13557,,neutral,2764,10657,13422,0,$25.23 ,Low,49,English,Singapore,,,,,,
7/8/2024,News,Weekender,"To save bees, scientists say focus on habitat, then pesticides",https://weekender.com.sg/pr-newswire-asia/?rkey=20240708AE55841&filter=24804,,neutral,3801,9157,12958,0,$24.36 ,Low,46,English,Singapore,Singapore - No State,,,,,
7/8/2024,News,Kitepunye Dot Com,"To save bees, scientists say focus on habitat, then pesticides",https://www.kitepunye.com/pr-news-en/?rkey=20240708AE55841&filter=17986,,neutral,287,167,455,0,$0.86 ,Low,28,English,Malaysia,,,,,,
7/8/2024,News,Disruptivetechnews,"To save bees, scientists say focus on habitat, then pesticides",https://disruptivetechnews.com/prnews/?rkey=20240708AE55841&filter=23851,,neutral,611,500,1111,0,$2.09 ,Low,20,English,Malaysia,,,,,,
7/8/2024,News,Infocommguide.com,"To save bees, scientists say focus on habitat, then pesticides",https://www.infocommguide.com/pr-newswire/?rkey=20240708AE55841&filter=5593,,neutral,75,500,575,0,$1.08 ,Low,10,English,Singapore,,,,,,
7/8/2024,News,Top 10 of Asia,"To save bees, scientists say focus on habitat, then pesticides",https://www.top10asia.org/main/pr-newswire/?rkey=20240708AE55841&filter=15390,,neutral,2291,3993,6284,0,$11.81 ,Low,21,English,Hong Kong,,,,,,
7/8/2024,News,HR ASIA,"To save bees, scientists say focus on habitat, then pesticides",https://hr.asia/prnewswire/?rkey=20240708AE55841&filter=3402,,neutral,5616,15147,20764,0,$39.04 ,Low,35,English,Malaysia,,,,,,
7/8/2024,News,The Malaysia Voice,"To save bees, scientists say focus on habitat, then pesticides",http://themalaysiavoice.com/prnewswire/?rkey=20240708AE55841&filter=22824,,neutral,240,11337,11578,0,$21.77 ,Low,14,English,Malaysia,Wilayah Persekutuan Kuala Lumpur,,,,,
7/8/2024,News,Blocklime,"To save bees, scientists say focus on habitat, then pesticides",https://www.blocklime.com/press?rkey=20240708AE55841&filter=16766,,neutral,198,500,698,0,$1.31 ,Low,22,English,Malaysia,Selangor,Cyberjaya,,,,
7/8/2024,News,Niaga Times | Business Times,"To save bees, scientists say focus on habitat, then pesticides",https://www.niagatimes.com/prnewswire/en/?rkey=20240708AE55841&filter=15437,,neutral,434,671,1106,0,$2.08 ,Low,20,English,Malaysia,Wilayah Persekutuan Kuala Lumpur,,,,,
7/8/2024,News,Industrial Guide Asia,"To save bees, scientists say focus on habitat, then pesticides",https://www.iiga.news/newswire?rkey=20240708AE55841&filter=22840,,neutral,888,645,1534,0,$2.88 ,Low,23,English,Singapore,Singapore - No State,,,,,
7/8/2024,Blog,Hpility SG,"To save bees, scientists say focus on habitat, then pesticides",https://www.hpility.sg/news/?rkey=20240708AE55841&filter=21063,,neutral,1436,529,1966,0,$3.70 ,Low,26,English,Singapore,,,,,,
7/8/2024,News,BorneoNews.Net,"To save bees, scientists say focus on habitat, then pesticides",http://borneonews.net/pr-newswire/?rkey=20240708AE55841&filter=16233,,neutral,1036,1547,2584,0,$4.86 ,Low,23,English,Malaysia,Sabah,,,,,
7/8/2024,News,100comments,"To save bees, scientists say focus on habitat, then pesticides",https://100comments.com/prnewswire/?rkey=20240708AE55841&filter=11563,,neutral,1105,4130,5236,0,$9.84 ,Low,31,English,Malaysia,Wilayah Persekutuan Kuala Lumpur,,,,,
7/8/2024,News,Association for Blockchain Asia,"To save bees, scientists say focus on habitat, then pesticides",https://associationblockchainasia.org/pr-newswire/?rkey=20240708AE55841&filter=26093,,neutral,143,500,643,0,$1.21 ,Low,14,English,Singapore,Singapore - No State,,,,,
7/8/2024,News,Malaysia Global Business Forum,"To save bees, scientists say focus on habitat, then pesticides",https://www.malaysiaglobalbusinessforum.com/prnewswire/?rkey=20240708AE55841&filter=6354,,neutral,166,91,257,0,$0.48 ,Low,27,English,Malaysia,Wilayah Persekutuan Kuala Lumpur,,,,,
7/8/2024,Blog,Noisy Noisy Man,"To save bees, scientists say focus on habitat, then pesticides",https://blog.ademagnaye.com/prnewswire/?rkey=20240708AE55841&filter=20505,,neutral,216,500,716,0,$1.35 ,Low,33,English,Philippines,,,,,,
7/8/2024,News,Business Diary Philippines,"To save bees, scientists say focus on habitat, then pesticides",https://businessdiary.com.ph/businessnews/?rkey=20240708AE55841&filter=8945,,neutral,5220,9104,14324,0,$26.93 ,Low,48,English,Philippines,,,,,,
7/8/2024,News,Education + TVET Asia,"To save bees, scientists say focus on habitat, then pesticides",https://educationtvet.com/pr-newswire/?rkey=20240708AE55841&filter=19761,,neutral,246,500,746,0,$1.40 ,Low,11,English,Malaysia,Wilayah Persekutuan Kuala Lumpur,,,,,
7/8/2024,Blog,GOkpop Malaysia,"To save bees, scientists say focus on habitat, then pesticides",https://www.gokpop.co/p/prnewswire.html?rkey=20240708AE55841&filter=12055,,neutral,636,205,841,0,$1.58 ,Low,20,English,Malaysia,,,,,,
7/8/2024,Blog,WalasTech,"To save bees, scientists say focus on habitat, then pesticides",https://walastech.com/prnewswire/?rkey=20240708AE55841&filter=20912,,neutral,184,1430,1614,0,$3.03 ,Low,25,English,Philippines,,,,,,
7/8/2024,News,Asean Food Travel,"To save bees, scientists say focus on habitat, then pesticides",https://aseanfoodtravel.com/prnewswire/?rkey=20240708AE55841&filter=19726,,neutral,206,500,706,0,$1.33 ,Low,17,English,Malaysia,Wilayah Persekutuan Kuala Lumpur,,,,,
7/8/2024,News,WAZZUP PHILIPPINES,"To save bees, scientists say focus on habitat, then pesticides",http://www.wazzup.ph/newswire/?rkey=20240708AE55841&filter=20274,,neutral,3790,3255,7046,0,$13.25 ,Low,26,English,Philippines,Quezon,,,,,
7/8/2024,News,gadgetmtech.com,"To save bees, scientists say focus on habitat, then pesticides",https://gadgetmtech.com/prnewswire/?rkey=20240708AE55841&filter=18101,,neutral,262,8,270,0,$0.51 ,Low,30,English,United States,,,,,,
7/8/2024,Blog,urbantechnoobs,"To save bees, scientists say focus on habitat, then pesticides",https://www.urbantechnoobs.com/newswire?rkey=20240708AE55841&filter=20390,,neutral,497,31,529,0,$0.99 ,Low,12,English,United States,,,,,,
7/8/2024,News,GISF (HK),"To save bees, scientists say focus on habitat, then pesticides",https://gisf.hk/index.php/en/market-info-eng/pr-newswire?rkey=20240708AE55841&filter=9826,,neutral,161,35,196,0,$0.37 ,Low,21,English,Hong Kong,,,,,,
7/8/2024,News,VCNewsNetwork,"To save bees, scientists say focus on habitat, then pesticides",https://www.vcnewsnetwork.com/prnewswire/?rkey=20240708AE55841&filter=10424,,neutral,78,500,578,0,$1.09 ,Low,23,English,Malaysia,Wilayah Persekutuan Kuala Lumpur,Selangkor,,,,
7/8/2024,Blog,Tech Slack,"To save bees, scientists say focus on habitat, then pesticides",https://www.techslack.com/prnewswire?rkey=20240708AE55841&filter=6190,,neutral,452,500,952,0,$1.79 ,Low,23,English,Malaysia,Selangor,Bangi,,,,
7/8/2024,News,Fab! Luxe,"To save bees, scientists say focus on habitat, then pesticides",https://fabluxe.world/fab-news/?rkey=20240708AE55841&filter=23234,,neutral,82,556,639,0,$1.20 ,Low,7,English,Malaysia,Wilayah Persekutuan Kuala Lumpur,,,,,
7/8/2024,News,News Hub Asia,"To save bees, scientists say focus on habitat, then pesticides",https://www.newshubasia.com/prnewswire/?rkey=20240708AE55841&filter=17397,,neutral,574,349,924,0,$1.74 ,Low,29,English,Malaysia,Wilayah Persekutuan Kuala Lumpur,,,,,
7/8/2024,Blog,Tekkaus,"To save bees, scientists say focus on habitat, then pesticides",https://www.tekkaus.com/p/prnewswire.html?rkey=20240708AE55841&filter=14344,,neutral,861,535,1397,0,$2.63 ,Low,58,English,Malaysia,,,,,,
7/8/2024,News,MSN,"To save bees, scientists say focus on habitat, then pesticides",https://www.msn.com/en-ph/news/other/to-save-bees-scientists-say-focus-on-habitat-then-pesticides/ar-BB1pBQtd?ocid=Peregrine,,neutral,46339884,109125124,155465009,0,"$292,274.22 ",Medium,94,English,United States,Washington,Redmond,,,,
7/8/2024,News,China Briefing,"To save bees, scientists say focus on habitat, then pesticides",https://www.china-briefing.com/news/partnernews/?rkey=20240708AE55841&filter=3396,,neutral,94582,142088,236671,0,$444.94 ,Medium,63,English,China,Beijing,Beijing,,,,
7/8/2024,News,Defence Review Asia,"To save bees, scientists say focus on habitat, then pesticides",https://defencereviewasia.com/pr-newswire/?rkey=20240708AE55841&filter=20894,,neutral,2006,49,2056,0,$3.87 ,Low,30,English,Singapore,,,,,,
7/8/2024,News,www.businesses.com.au,"To save bees, scientists say focus on habitat, then pesticides",https://www.businesses.com.au/news/press-releases?rkey=20240708AE55841&filter=24767,,neutral,1859,933,2792,0,$5.25 ,Low,33,English,Australia,,,,,,
7/8/2024,News,The Insiders Business News,"To save bees, scientists say focus on habitat, then pesticides",https://www.theinsiders.com.au/news/press-releases?rkey=20240708AE55841&filter=24782,,neutral,171,500,671,0,$1.26 ,Low,11,English,Australia,New South Wales,Byron Bay,,,,
7/8/2024,News,Startup News Asia,"To save bees, scientists say focus on habitat, then pesticides",https://www.startupnewsasia.com/pr-newswire-asia?rkey=20240708AE55841&filter=21049,,neutral,30,500,530,0,$1.00 ,Low,19,English,Australia,Victoria,Melbourne,,,,
7/8/2024,News,Micro Investor,"To save bees, scientists say focus on habitat, then pesticides",https://www.microinvestor.com.au/news/press-releases?rkey=20240708AE55841&filter=24788,,neutral,184,500,684,0,$1.29 ,Low,6,English,Australia,New South Wales,Byron Bay,,,,
7/8/2024,News,Pitch Engine Australia,"To save bees, scientists say focus on habitat, then pesticides",https://www.pitchengine.com.au/news/press-releases?rkey=20240708AE55841&filter=24781,,neutral,180,500,680,0,$1.28 ,Low,12,English,Australia,New South Wales,Byron Bay,,,,
7/8/2024,News,ModernAustralian.com,"To save bees, scientists say focus on habitat, then pesticides",https://www.modernaustralian.com/news/press-releases?rkey=20240708AE55841&filter=24783,,neutral,412,450,863,0,$1.62 ,Low,30,English,Australia,New South Wales,Sydney,,,,
7/8/2024,News,Telegraph,"To save bees, scientists say focus on habitat, then pesticides",https://www.telegraph.net.au/news/press-releases?rkey=20240708AE55841&filter=24775,,neutral,687,991,1679,0,$3.16 ,Low,19,English,Australia,New South Wales,Byron Bay,,,,
7/8/2024,News,News Pronto,"To save bees, scientists say focus on habitat, then pesticides",https://www.newspronto.com/business/press-releases?rkey=20240708AE55841&filter=24772,,neutral,383,500,883,0,$1.66 ,Low,26,English,Australia,New South Wales,Parramatta,,,,
7/8/2024,News,Auzzi,"To save bees, scientists say focus on habitat, then pesticides",https://www.auzzi.com.au/news/press-releases?rkey=20240708AE55841&filter=24792,,neutral,417,5805,6222,0,$11.70 ,Low,16,English,Australia,New South Wales,Byron Bay,,,,
7/8/2024,News,NewsBlaze Australia,"To save bees, scientists say focus on habitat, then pesticides",https://newsblaze.com.au/latest-news-pr-newswire?rkey=20240708AE55841&filter=12968,,neutral,359,500,859,0,$1.61 ,Low,16,English,Australia,South Australia,Murray Bridge,,,,
7/8/2024,News,Guest Posting Australia,"To save bees, scientists say focus on habitat, then pesticides",https://www.guestposting.com.au/news/press-releases?rkey=20240708AE55841&filter=24790,,neutral,112,500,612,0,$1.15 ,Low,9,English,Australia,New South Wales,Byron Bay,,,,
7/8/2024,News,Viw,"To save bees, scientists say focus on habitat, then pesticides",https://www.viw.com.au/index.php/news/press-releases?rkey=20240708AE55841&filter=24768,,neutral,993,533,1527,0,$2.87 ,Low,29,English,Australia,New South Wales,Byron Bay,,,,
7/8/2024,News,The Bulletin,"To save bees, scientists say focus on habitat, then pesticides",https://thebulletin.net.au/news/press-releases?rkey=20240708AE55841&filter=24765,,neutral,522,500,1022,0,$1.92 ,Low,21,English,Australia,New South Wales,Byron Bay,,,,
7/8/2024,News,Sky Digital Media,"To save bees, scientists say focus on habitat, then pesticides",https://skydigital.com.au/news/press-releases?rkey=20240708AE55841&filter=24770,,neutral,139,500,639,0,$1.20 ,Low,9,English,Australia,New South Wales,Byron Bay,,,,
7/8/2024,News,Weekend Times,"To save bees, scientists say focus on habitat, then pesticides",https://weekendtimes.com.au/news/press-releases?rkey=20240708AE55841&filter=24801,,neutral,159,500,659,0,$1.24 ,Low,11,English,Australia,New South Wales,Byron Bay,,,,
7/8/2024,News,Hashtag,"To save bees, scientists say focus on habitat, then pesticides",https://hashtag.net.au/news/press-releases?rkey=20240708AE55841&filter=24776,,neutral,1605,747,2352,0,$4.42 ,Low,21,English,Australia,New South Wales,Sydney,,,,
7/8/2024,Blog,dailybulletin.com.au,"To save bees, scientists say focus on habitat, then pesticides",https://dailybulletin.com.au/news/press-releases?rkey=20240708AE55841&filter=24764,,neutral,1027,4528,5555,0,$10.44 ,Low,34,English,Australia,New South Wales,,,,,
7/8/2024,News,Transmedia Victoria,"To save bees, scientists say focus on habitat, then pesticides",https://transmediavictoria.net.au/?p=27755,admin_tony,neutral,74,500,574,0,$1.08 ,Low,21,English,Australia,Victoria,Melbourne,,,,
7/7/2024,News,Eurasia Review,"To Save Bees, Scientists Say Focus On Habitat First, Then Pesticides",https://www.eurasiareview.com/08072024-to-save-bees-scientists-say-focus-on-habitat-first-then-pesticides,Eurasia Review,neutral,47523,232735,280259,2,$526.89 ,Medium,67,English,United States,Ohio,Oregon,,,,
7/7/2024,News,Asia Pacific Star,"To save bees, scientists say focus on habitat, then pesticides",https://www.asiapacificstar.com/news/274447100/to-save-bees-scientists-say-focus-on-habitat-then-pesticides,,neutral,30,500,530,0,$1.00 ,Low,22,English,Australia,New South Wales,Sydney,,,,
7/7/2024,News,mobiledista.com,"To save bees, scientists say focus on habitat, then pesticides",https://mobiledista.com/to-save-bees-scientists-say-focus-on-habitat-then-pesticides/,,neutral,119,1972,2092,0,$3.93 ,Low,33,English,Thailand,Krung Thep Maha Nakhon [Bangkok],Bangkok,,,,
7/7/2024,Blog,9krapalm.com,"To save bees, scientists say focus on habitat, then pesticides",https://9krapalm.com/to-save-bees-scientists-say-focus-on-habitat-then-pesticides/,2 minutes,neutral,246,500,746,0,$1.40 ,Low,18,English,Thailand,Krung Thep Maha Nakhon [Bangkok],Bangkok,,,,
7/7/2024,News,Jakarta Investor,"To save bees, scientists say focus on habitat, then pesticides",https://www.jakartainvestor.web.id/p/blog-page.html?rkey=20240708AE55841&filter=2440,,neutral,38,500,538,0,$1.01 ,Low,20,English,Indonesia,,,,,,
7/7/2024,Blog,Jakarta News,"To save bees, scientists say focus on habitat, then pesticides",https://www.jakartanews.net/news/274447100/to-save-bees-scientists-say-focus-on-habitat-then-pesticides,,neutral,159,2,162,0,$0.30 ,Low,27,English,Bahrain,,,,,,
7/7/2024,News,Philippine Times,"To save bees, scientists say focus on habitat, then pesticides",https://www.philippinetimes.com/news/274447100/to-save-bees-scientists-say-focus-on-habitat-then-pesticides,,neutral,1031,173,1204,0,$2.26 ,Low,36,English,Philippines,,,,,,
7/7/2024,News,Singapore Star,"To save bees, scientists say focus on habitat, then pesticides",https://www.singaporestar.com/news/274447100/to-save-bees-scientists-say-focus-on-habitat-then-pesticides,,neutral,552,500,1052,0,$1.98 ,Low,25,English,Australia,New South Wales,Sydney,,,,
7/7/2024,News,Lihua Zhongshan Hotel,"To save bees, scientists say focus on habitat, then pesticides",http://en27863.888ou.com/newsdetail-804481.html,,neutral,500,500,1000,0,$1.88 ,Low,,English,China,Hebei,Hebei,,,,
7/7/2024,News,Malaysia Sun,"To save bees, scientists say focus on habitat, then pesticides",https://www.malaysiasun.com/news/274447100/to-save-bees-scientists-say-focus-on-habitat-then-pesticides,PR Newswire,neutral,3573,21172,24746,0,$46.52 ,Low,52,English,Australia,New South Wales,Sydney,,,,
7/7/2024,News,Kuala Lumpur Times,"To save bees, scientists say focus on habitat, then pesticides",https://www.kualalumpurtimes.com/news/274447100/to-save-bees-scientists-say-focus-on-habitat-then-pesticides,,neutral,183,500,683,0,$1.28 ,Low,17,English,Australia,New South Wales,Sydney,,,,
7/7/2024,News,88iv.com,"To save bees, scientists say focus on habitat, then pesticides",https://www.88iv.com/en/n.html?id=100914847050462616&cat=prnasia,,neutral,568,1021,1590,0,$2.99 ,Low,25,English,Hong Kong,,,,,,
7/7/2024,News,Movetoasia,"To save bees, scientists say focus on habitat, then pesticides",https://news.movetoasia.com/?rkey=20240708AE55841&filter=21817,,neutral,86,500,586,0,$1.10 ,Low,23,English,Viet Nam,Ho Chi Minh [Sai Gon],Ho Chi Minh City,,,,
7/7/2024,News,The Tokyo News.net,"To save bees, scientists say focus on habitat, then pesticides",https://www.thetokyonews.net/news/274447100/to-save-bees-scientists-say-focus-on-habitat-then-pesticides,"PR Newswire08 Jul 2024, 21:49 GMT+10",neutral,529,500,1029,0,$1.93 ,Low,24,English,Japan,Tôkyô [Tokyo],Tokyo,,,,
7/7/2024,News,Australian Associated Press,"To save bees, scientists say focus on habitat, then pesticides",https://www.aap.com.au/aapreleases/cision20240708ae55841/,,neutral,48974,104766,153740,0,$289.03 ,Low,66,English,Australia,New South Wales,Sydney,,,,
7/7/2024,News,Sydney Sun,"To save bees, scientists say focus on habitat, then pesticides",https://www.sydneysun.com/news/274447100/to-save-bees-scientists-say-focus-on-habitat-then-pesticides,,neutral,360,500,860,0,$1.62 ,Low,23,English,Australia,New South Wales,Sydney,,,,
7/6/2024,News,Swifttelecast,"To save bees, scientists say focus on habitat first, then pesticides",http://swifttelecast.com/to-save-bees-scientists-say-focus-on-habitat-first-then-pesticides,Milton Acorn,neutral,750,2328,3078,0,$5.79 ,Low,61,English,United States,Virginia,South Boston,,,,
7/6/2024,News,NewsConcerns,"To save bees, scientists say focus on habitat first, then pesticides",https://newsconcerns.com/to-save-bees-scientists-say-focus-on-habitat-first-then-pesticides/,,neutral,1886,944,2830,0,$5.32 ,Low,62,English,United States,New Jersey,Fords,,,,
7/6/2024,Blog,NewsGram,"To save bees, scientists say focus on habitat first, then pesticides",https://www.newsgram.com/environment/2024/07/05/to-save-bees-scientists-say-focus-on-habitat-first-then-pesticides,NewsGram Desk,neutral,4287,37642,41929,0,$78.83 ,Low,57,English,United States,Illinois,Chicago,,,,
7/6/2024,News,svijetkulture.com,"Pčele spasiti staništem, a tek onda smanjenjem pesticida, tvrde znanstvenici",https://svijetkulture.com/pcele-spasiti-stanistem-a-tek-onda-smanjenjem-pesticida-tvrde-znanstvenici,SVIJET KULTURE,neutral,862,325,1188,2,$2.23 ,Low,27,Croatian,Croatia,,,,,,
7/5/2024,News,Lab Manager,"To Save Bees, Scientists Say Focus on Habitat First, Then Pesticides",https://www.labmanager.com/to-save-bees-scientists-say-focus-on-habitat-first-then-pesticides-32472,Xi'an Jiaotong-Liverpool University,neutral,38547,72158,110705,0,$208.13 ,Low,58,English,United States,Texas,Waco,,,,
7/5/2024,News,BIOENGINEER.ORG,"To save bees, scientists say focus on habitat first, then pesticides",https://bioengineer.org/to-save-bees-scientists-say-focus-on-habitat-first-then-pesticides/,by,neutral,2656,790,3446,0,$6.48 ,Low,46,English,United States,New York,New York,,,,
7/5/2024,News,Scienmag,"To save bees, scientists say focus on habitat first, then pesticides",https://scienmag.com/to-save-bees-scientists-say-focus-on-habitat-first-then-pesticides/,admin,neutral,3169,16523,19693,0,$37.02 ,Low,59,English,United Kingdom,"London, City of",London,,,,
7/5/2024,News,Lab Manager,Xi'an Jiaotong-Liverpool University Author Profile,https://www.labmanager.com/author/xi-an-jiaotong-liverpool-university,,neutral,38547,72158,110705,0,$208.13 ,Low,58,English,United States,Texas,Waco,,,,
7/4/2024,News,AlphaGalileo,"To save bees, scientists say focus on habitat first, then pesticides",https://www.alphagalileo.org/en-gb/Item-Display?ItemId=247823,Xi'an Jiaotong-Liverpool University (XJTLU),neutral,2444,116,2561,0,$4.81 ,Low,67,English,United Kingdom,"London, City of",London,,,,
7/4/2024,News,Skynews.icu,"To save bees, scientists say focus on habitat first, then pesticides – Sky News: The Latest News from the World",https://skynews.icu/science/659867-to-save-bees-scientists-say-focus-on-habitat-first-then-pesticides/,,neutral,1753,740,2493,0,$4.69 ,Low,25,English,United Kingdom,"London, City of",London,,,,
7/4/2024,News,Phys.org,"To save bees, scientists say focus on habitat first, then pesticides",https://phys.org/news/2024-07-bees-scientists-focus-habitat-pesticides.html,Catherine Diamond,neutral,877569,6216686,7094256,0,"$13,337.20 ",Medium,90,English,United States,,,,,,
7/4/2024,News,EurekAlert!,"To save bees, scientists say focus on habitat | EurekAlert!",https://www.eurekalert.org/news-releases/1050427,XJTLU,neutral,157508,346468,503976,0,$947.47 ,Medium,91,English,United States,District of Columbia,Washington,,,,
,,,,,,,,,,,,,,,,,,,,,
,,,,,,,,,219737244,,"$413,010.03 ",,,,,,,,,,
